timestamp,ip,intentos,resultado,usuario
2026-01-14 22:35:52.101487,192.168.122.120,16,1,user_12
2026-01-14 22:35:52.101519,192.168.21.101,7,1,user_79
2026-01-14 22:35:52.101527,192.168.112.159,15,1,user_64
2026-01-14 22:35:52.101533,192.168.37.230,19,0,user_32
2026-01-14 22:35:52.101538,192.168.139.147,19,1,user_86
2026-01-14 22:35:52.101544,192.168.31.18,11,0,user_28
2026-01-14 22:35:52.101551,192.168.54.72,20,1,user_34
2026-01-14 22:35:52.101558,192.168.214.5,5,0,user_51
2026-01-14 22:35:52.101566,192.168.145.19,20,0,user_14
2026-01-14 22:35:52.101570,192.168.230.144,2,1,user_20
2026-01-14 22:35:52.101575,192.168.163.220,5,1,user_94
2026-01-14 22:35:52.101582,192.168.163.210,6,0,user_15
2026-01-14 22:35:52.101592,192.168.163.116,8,0,user_27
2026-01-14 22:35:52.101598,192.168.142.165,7,1,user_82
2026-01-14 22:35:52.101605,192.168.217.174,16,1,user_98
2026-01-14 22:35:52.101611,192.168.238.165,13,0,user_90
2026-01-14 22:35:52.101617,192.168.174.29,14,0,user_33
2026-01-14 22:35:52.101622,192.168.150.244,4,0,user_13
2026-01-14 22:35:52.101631,192.168.66.222,11,1,user_69
2026-01-14 22:35:52.101638,192.168.194.168,19,0,user_59
2026-01-14 22:35:52.101653,192.168.70.182,13,1,user_48
2026-01-14 22:35:52.101658,192.168.4.47,7,1,user_28
2026-01-14 22:35:52.101663,192.168.171.218,19,0,user_90
2026-01-14 22:35:52.101669,192.168.252.23,5,1,user_47
2026-01-14 22:35:52.101674,192.168.179.65,18,0,user_56
2026-01-14 22:35:52.101681,192.168.243.122,14,0,user_30
2026-01-14 22:35:52.101692,192.168.43.7,18,1,user_40
2026-01-14 22:35:52.101700,192.168.146.194,6,1,user_39
2026-01-14 22:35:52.101710,192.168.101.206,9,1,user_86
2026-01-14 22:35:52.101717,192.168.7.155,9,1,user_47
2026-01-14 22:35:52.101725,192.168.246.178,4,0,user_22
2026-01-14 22:35:52.101741,192.168.204.115,20,1,user_36
2026-01-14 22:35:52.101748,192.168.79.219,18,0,user_39
2026-01-14 22:35:52.101754,192.168.105.175,5,0,user_65
2026-01-14 22:35:52.101759,192.168.196.184,15,1,user_36
2026-01-14 22:35:52.101765,192.168.149.232,1,0,user_73
2026-01-14 22:35:52.101768,192.168.128.54,16,0,user_7
2026-01-14 22:35:52.101772,192.168.44.105,1,0,user_91
2026-01-14 22:35:52.101777,192.168.133.39,9,1,user_81
2026-01-14 22:35:52.101781,192.168.206.179,4,1,user_91
2026-01-14 22:35:52.101785,192.168.145.174,3,0,user_80
2026-01-14 22:35:52.101790,192.168.4.120,10,1,user_73
2026-01-14 22:35:52.101794,192.168.135.205,17,0,user_74
2026-01-14 22:35:52.101798,192.168.105.110,16,0,user_19
2026-01-14 22:35:52.101803,192.168.90.234,3,1,user_59
2026-01-14 22:35:52.101807,192.168.84.81,19,0,user_31
2026-01-14 22:35:52.101811,192.168.137.176,10,1,user_87
2026-01-14 22:35:52.101815,192.168.147.13,5,1,user_41
2026-01-14 22:35:52.101818,192.168.86.130,1,1,user_64
2026-01-14 22:35:52.101823,192.168.160.205,3,1,user_77
2026-01-14 22:35:52.101827,192.168.49.192,19,0,user_85
2026-01-14 22:35:52.101833,192.168.213.63,8,1,user_4
2026-01-14 22:35:52.101836,192.168.102.57,20,0,user_15
2026-01-14 22:35:52.101841,192.168.201.83,6,0,user_72
2026-01-14 22:35:52.101847,192.168.45.230,5,0,user_29
2026-01-14 22:35:52.101854,192.168.126.161,5,1,user_17
2026-01-14 22:35:52.101859,192.168.210.38,11,0,user_14
2026-01-14 22:35:52.101864,192.168.127.228,7,0,user_57
2026-01-14 22:35:52.101871,192.168.49.92,5,0,user_11
2026-01-14 22:35:52.101876,192.168.231.33,10,0,user_68
2026-01-14 22:35:52.101879,192.168.102.229,12,0,user_37
2026-01-14 22:35:52.101883,192.168.143.183,6,1,user_42
2026-01-14 22:35:52.101888,192.168.42.57,19,1,user_43
2026-01-14 22:35:52.101892,192.168.246.193,12,1,user_33
2026-01-14 22:35:52.101895,192.168.40.172,7,0,user_44
2026-01-14 22:35:52.101900,192.168.246.63,14,1,user_19
2026-01-14 22:35:52.101904,192.168.128.106,4,0,user_17
2026-01-14 22:35:52.101908,192.168.238.112,17,1,user_36
2026-01-14 22:35:52.101912,192.168.201.22,2,1,user_21
2026-01-14 22:35:52.101917,192.168.22.66,6,0,user_28
2026-01-14 22:35:52.101920,192.168.252.191,18,0,user_100
2026-01-14 22:35:52.101924,192.168.98.71,11,1,user_76
2026-01-14 22:35:52.101928,192.168.232.28,4,1,user_72
2026-01-14 22:35:52.101933,192.168.121.7,17,1,user_65
2026-01-14 22:35:52.101938,192.168.50.77,10,0,user_64
2026-01-14 22:35:52.101941,192.168.215.153,6,0,user_94
2026-01-14 22:35:52.101945,192.168.129.144,10,0,user_73
2026-01-14 22:35:52.101950,192.168.67.159,18,1,user_37
2026-01-14 22:35:52.101955,192.168.82.1,15,0,user_18
2026-01-14 22:35:52.101959,192.168.111.37,4,1,user_54
2026-01-14 22:35:52.101962,192.168.178.15,3,1,user_24
2026-01-14 22:35:52.101968,192.168.216.31,19,0,user_47
2026-01-14 22:35:52.101972,192.168.73.66,19,1,user_79
2026-01-14 22:35:52.101977,192.168.219.167,12,1,user_62
2026-01-14 22:35:52.101982,192.168.192.124,8,0,user_29
2026-01-14 22:35:52.101988,192.168.157.141,11,1,user_31
2026-01-14 22:35:52.101993,192.168.193.186,11,1,user_90
2026-01-14 22:35:52.102000,192.168.255.24,13,1,user_5
2026-01-14 22:35:52.102004,192.168.210.14,13,0,user_62
2026-01-14 22:35:52.102009,192.168.234.199,15,1,user_39
2026-01-14 22:35:52.102016,192.168.69.42,19,0,user_37
2026-01-14 22:35:52.102020,192.168.79.148,15,1,user_55
2026-01-14 22:35:52.102027,192.168.55.56,13,0,user_97
2026-01-14 22:35:52.102032,192.168.42.137,18,1,user_90
2026-01-14 22:35:52.102037,192.168.69.110,18,0,user_55
2026-01-14 22:35:52.102041,192.168.35.146,12,0,user_87
2026-01-14 22:35:52.102046,192.168.142.184,12,1,user_77
2026-01-14 22:35:52.102051,192.168.45.92,2,1,user_10
2026-01-14 22:35:52.102058,192.168.207.174,5,0,user_92
2026-01-14 22:35:52.102063,192.168.118.68,3,1,user_56
2026-01-14 22:35:52.102068,192.168.52.7,15,0,user_59
2026-01-14 22:35:52.102072,192.168.95.96,15,1,user_43
2026-01-14 22:35:52.102077,192.168.226.193,13,0,user_44
2026-01-14 22:35:52.102082,192.168.43.44,8,1,user_12
2026-01-14 22:35:52.102087,192.168.162.130,8,1,user_77
2026-01-14 22:35:52.102091,192.168.216.147,2,1,user_77
2026-01-14 22:35:52.102096,192.168.246.252,20,1,user_22
2026-01-14 22:35:52.102101,192.168.20.34,3,1,user_17
2026-01-14 22:35:52.102106,192.168.209.17,2,1,user_68
2026-01-14 22:35:52.102111,192.168.165.210,14,0,user_61
2026-01-14 22:35:52.102116,192.168.49.62,10,1,user_69
2026-01-14 22:35:52.102120,192.168.200.148,4,1,user_25
2026-01-14 22:35:52.102125,192.168.63.92,16,1,user_97
2026-01-14 22:35:52.102130,192.168.110.243,2,1,user_98
2026-01-14 22:35:52.102134,192.168.11.154,12,1,user_50
2026-01-14 22:35:52.102139,192.168.100.195,9,0,user_9
2026-01-14 22:35:52.102144,192.168.155.43,17,0,user_43
2026-01-14 22:35:52.102149,192.168.136.172,7,1,user_57
2026-01-14 22:35:52.102154,192.168.105.140,20,0,user_46
2026-01-14 22:35:52.102161,192.168.24.16,12,1,user_71
2026-01-14 22:35:52.102189,192.168.219.185,9,0,user_88
2026-01-14 22:35:52.102193,192.168.91.159,14,0,user_26
2026-01-14 22:35:52.102200,192.168.40.17,8,0,user_49
2026-01-14 22:35:52.102205,192.168.108.112,5,1,user_58
2026-01-14 22:35:52.102210,192.168.139.58,5,0,user_52
2026-01-14 22:35:52.102215,192.168.137.207,13,1,user_50
2026-01-14 22:35:52.102219,192.168.17.141,12,1,user_49
2026-01-14 22:35:52.102224,192.168.105.39,20,1,user_46
2026-01-14 22:35:52.102229,192.168.157.65,1,1,user_27
2026-01-14 22:35:52.102234,192.168.190.178,8,1,user_59
2026-01-14 22:35:52.102239,192.168.10.208,10,1,user_92
2026-01-14 22:35:52.102243,192.168.176.149,9,1,user_31
2026-01-14 22:35:52.102248,192.168.238.143,18,1,user_46
2026-01-14 22:35:52.102252,192.168.72.182,5,0,user_12
2026-01-14 22:35:52.102257,192.168.21.147,6,0,user_49
2026-01-14 22:35:52.102262,192.168.39.4,3,0,user_30
2026-01-14 22:35:52.102267,192.168.15.53,9,0,user_21
2026-01-14 22:35:52.102271,192.168.101.4,11,0,user_44
2026-01-14 22:35:52.102277,192.168.54.68,15,0,user_14
2026-01-14 22:35:52.102282,192.168.36.59,7,1,user_9
2026-01-14 22:35:52.102288,192.168.175.68,16,1,user_83
2026-01-14 22:35:52.102293,192.168.95.162,15,0,user_53
2026-01-14 22:35:52.102298,192.168.235.15,13,1,user_9
2026-01-14 22:35:52.102303,192.168.62.244,8,0,user_71
2026-01-14 22:35:52.102309,192.168.230.101,2,1,user_88
2026-01-14 22:35:52.102314,192.168.44.157,3,1,user_58
2026-01-14 22:35:52.102318,192.168.182.9,8,1,user_84
2026-01-14 22:35:52.102323,192.168.250.213,4,0,user_89
2026-01-14 22:35:52.102328,192.168.67.160,5,1,user_19
2026-01-14 22:35:52.102333,192.168.221.230,20,0,user_53
2026-01-14 22:35:52.102340,192.168.248.93,12,0,user_73
2026-01-14 22:35:52.102345,192.168.35.81,16,0,user_60
2026-01-14 22:35:52.102352,192.168.222.114,14,1,user_17
2026-01-14 22:35:52.102356,192.168.76.126,1,1,user_100
2026-01-14 22:35:52.102363,192.168.150.89,15,0,user_54
2026-01-14 22:35:52.102368,192.168.98.208,12,0,user_66
2026-01-14 22:35:52.102373,192.168.143.19,5,1,user_31
2026-01-14 22:35:52.102378,192.168.15.182,3,1,user_61
2026-01-14 22:35:52.102383,192.168.29.169,16,0,user_78
2026-01-14 22:35:52.102387,192.168.219.36,6,1,user_55
2026-01-14 22:35:52.102392,192.168.153.245,14,0,user_85
2026-01-14 22:35:52.102397,192.168.164.60,15,1,user_49
2026-01-14 22:35:52.102402,192.168.88.87,1,1,user_17
2026-01-14 22:35:52.102407,192.168.132.215,7,1,user_5
2026-01-14 22:35:52.102411,192.168.132.153,11,0,user_92
2026-01-14 22:35:52.102416,192.168.111.231,6,1,user_15
2026-01-14 22:35:52.102421,192.168.251.115,18,0,user_59
2026-01-14 22:35:52.102426,192.168.36.167,2,1,user_84
2026-01-14 22:35:52.102430,192.168.203.152,16,1,user_93
2026-01-14 22:35:52.102435,192.168.95.104,8,1,user_83
2026-01-14 22:35:52.102439,192.168.227.77,14,0,user_95
2026-01-14 22:35:52.102445,192.168.179.84,19,1,user_60
2026-01-14 22:35:52.102449,192.168.90.12,6,1,user_8
2026-01-14 22:35:52.102454,192.168.35.131,4,1,user_72
2026-01-14 22:35:52.102459,192.168.115.73,8,1,user_69
2026-01-14 22:35:52.102464,192.168.126.74,12,0,user_91
2026-01-14 22:35:52.102468,192.168.130.146,13,0,user_16
2026-01-14 22:35:52.102473,192.168.151.124,12,1,user_99
2026-01-14 22:35:52.102478,192.168.8.96,19,1,user_99
2026-01-14 22:35:52.102482,192.168.219.96,5,1,user_21
2026-01-14 22:35:52.102487,192.168.4.87,13,0,user_55
2026-01-14 22:35:52.102492,192.168.6.133,19,1,user_94
2026-01-14 22:35:52.102499,192.168.138.197,12,1,user_32
2026-01-14 22:35:52.102505,192.168.83.152,5,1,user_48
2026-01-14 22:35:52.102511,192.168.114.105,12,1,user_84
2026-01-14 22:35:52.102518,192.168.168.55,11,1,user_22
2026-01-14 22:35:52.102522,192.168.102.15,19,1,user_38
2026-01-14 22:35:52.102527,192.168.1.108,10,1,user_50
2026-01-14 22:35:52.102530,192.168.7.177,10,1,user_6
2026-01-14 22:35:52.102535,192.168.67.37,13,1,user_54
2026-01-14 22:35:52.102540,192.168.183.253,8,0,user_43
2026-01-14 22:35:52.102545,192.168.112.211,11,1,user_58
2026-01-14 22:35:52.102550,192.168.87.208,17,1,user_2
2026-01-14 22:35:52.102554,192.168.124.137,2,0,user_10
2026-01-14 22:35:52.102561,192.168.114.56,15,0,user_26
2026-01-14 22:35:52.102566,192.168.170.33,9,1,user_26
2026-01-14 22:35:52.102571,192.168.147.243,20,0,user_45
2026-01-14 22:35:52.102575,192.168.35.165,1,0,user_79
2026-01-14 22:35:52.102580,192.168.10.226,17,1,user_34
2026-01-14 22:35:52.102585,192.168.68.16,20,0,user_63
2026-01-14 22:35:52.102590,192.168.134.169,11,0,user_26
2026-01-14 22:35:52.102597,192.168.109.162,20,1,user_44
2026-01-14 22:35:52.102606,192.168.108.68,5,1,user_85
2026-01-14 22:35:52.102610,192.168.52.137,8,0,user_89
2026-01-14 22:35:52.102616,192.168.103.147,20,1,user_10
2026-01-14 22:35:52.102621,192.168.111.252,13,0,user_15
2026-01-14 22:35:52.102633,192.168.106.78,1,0,user_32
2026-01-14 22:35:52.102646,192.168.224.208,13,1,user_19
2026-01-14 22:35:52.102654,192.168.101.3,3,0,user_26
2026-01-14 22:35:52.102664,192.168.235.163,13,1,user_66
2026-01-14 22:35:52.102679,192.168.194.66,11,0,user_3
2026-01-14 22:35:52.102690,192.168.141.240,9,0,user_44
2026-01-14 22:35:52.102703,192.168.214.196,14,1,user_94
2026-01-14 22:35:52.102709,192.168.253.115,20,0,user_13
2026-01-14 22:35:52.102728,192.168.214.106,18,1,user_50
2026-01-14 22:35:52.102737,192.168.190.233,14,1,user_38
2026-01-14 22:35:52.102743,192.168.76.100,4,1,user_52
2026-01-14 22:35:52.102757,192.168.161.203,11,0,user_32
2026-01-14 22:35:52.102761,192.168.160.79,20,1,user_56
2026-01-14 22:35:52.102766,192.168.169.147,4,0,user_87
2026-01-14 22:35:52.102770,192.168.66.41,5,1,user_54
2026-01-14 22:35:52.102775,192.168.22.38,10,0,user_44
2026-01-14 22:35:52.102781,192.168.174.224,18,1,user_92
2026-01-14 22:35:52.102785,192.168.135.217,6,0,user_56
2026-01-14 22:35:52.102790,192.168.112.221,2,0,user_29
2026-01-14 22:35:52.102795,192.168.247.19,15,1,user_44
2026-01-14 22:35:52.102804,192.168.108.200,20,1,user_17
2026-01-14 22:35:52.102811,192.168.119.107,9,0,user_99
2026-01-14 22:35:52.102815,192.168.81.144,7,0,user_54
2026-01-14 22:35:52.102820,192.168.18.230,14,0,user_29
2026-01-14 22:35:52.102825,192.168.95.250,19,1,user_8
2026-01-14 22:35:52.102829,192.168.200.122,20,1,user_75
2026-01-14 22:35:52.102834,192.168.193.59,8,0,user_20
2026-01-14 22:35:52.102839,192.168.168.91,11,1,user_5
2026-01-14 22:35:52.102844,192.168.217.155,4,1,user_28
2026-01-14 22:35:52.102849,192.168.202.168,12,0,user_23
2026-01-14 22:35:52.102854,192.168.89.179,3,1,user_1
2026-01-14 22:35:52.102858,192.168.147.16,12,1,user_66
2026-01-14 22:35:52.102863,192.168.223.177,12,0,user_64
2026-01-14 22:35:52.102868,192.168.149.69,9,1,user_95
2026-01-14 22:35:52.102873,192.168.63.45,4,0,user_35
2026-01-14 22:35:52.102878,192.168.2.21,15,0,user_50
2026-01-14 22:35:52.102882,192.168.32.28,13,1,user_71
2026-01-14 22:35:52.102887,192.168.216.124,8,1,user_48
2026-01-14 22:35:52.102892,192.168.163.123,12,0,user_27
2026-01-14 22:35:52.102897,192.168.236.81,11,0,user_17
2026-01-14 22:35:52.102904,192.168.5.236,8,0,user_92
2026-01-14 22:35:52.102909,192.168.127.168,11,0,user_86
2026-01-14 22:35:52.102913,192.168.55.190,18,1,user_33
2026-01-14 22:35:52.102920,192.168.195.107,9,1,user_99
2026-01-14 22:35:52.102925,192.168.31.53,9,1,user_99
2026-01-14 22:35:52.102930,192.168.199.223,14,1,user_2
2026-01-14 22:35:52.102934,192.168.159.99,16,0,user_13
2026-01-14 22:35:52.102939,192.168.240.51,16,0,user_73
2026-01-14 22:35:52.102944,192.168.161.42,3,0,user_75
2026-01-14 22:35:52.102949,192.168.156.18,4,1,user_3
2026-01-14 22:35:52.102953,192.168.92.58,20,1,user_91
2026-01-14 22:35:52.102956,192.168.31.176,8,1,user_52
2026-01-14 22:35:52.102963,192.168.97.151,9,1,user_91
2026-01-14 22:35:52.102968,192.168.68.131,12,1,user_8
2026-01-14 22:35:52.102973,192.168.19.75,13,0,user_14
2026-01-14 22:35:52.102980,192.168.236.91,3,1,user_66
2026-01-14 22:35:52.102983,192.168.122.220,12,1,user_99
2026-01-14 22:35:52.102990,192.168.21.75,7,1,user_100
2026-01-14 22:35:52.102996,192.168.45.173,7,0,user_93
2026-01-14 22:35:52.103000,192.168.86.155,6,0,user_56
2026-01-14 22:35:52.103003,192.168.144.186,3,1,user_65
2026-01-14 22:35:52.103010,192.168.239.158,10,0,user_34
2026-01-14 22:35:52.103017,192.168.204.161,9,1,user_32
2026-01-14 22:35:52.103026,192.168.25.236,5,1,user_68
2026-01-14 22:35:52.103031,192.168.166.113,1,0,user_49
2026-01-14 22:35:52.103036,192.168.33.253,18,0,user_16
2026-01-14 22:35:52.103041,192.168.8.113,13,1,user_58
2026-01-14 22:35:52.103045,192.168.203.226,4,0,user_93
2026-01-14 22:35:52.103050,192.168.165.56,16,1,user_23
2026-01-14 22:35:52.103053,192.168.66.124,1,0,user_55
2026-01-14 22:35:52.103057,192.168.60.64,19,1,user_6
2026-01-14 22:35:52.103065,192.168.117.88,17,1,user_52
2026-01-14 22:35:52.103070,192.168.192.86,6,1,user_100
2026-01-14 22:35:52.103075,192.168.25.230,19,0,user_56
2026-01-14 22:35:52.103080,192.168.61.236,19,1,user_100
2026-01-14 22:35:52.103087,192.168.172.80,14,0,user_41
2026-01-14 22:35:52.103092,192.168.117.20,6,1,user_85
2026-01-14 22:35:52.103097,192.168.36.80,12,0,user_98
2026-01-14 22:35:52.103101,192.168.239.70,20,0,user_35
2026-01-14 22:35:52.103106,192.168.73.77,5,1,user_46
2026-01-14 22:35:52.103111,192.168.198.245,20,0,user_85
2026-01-14 22:35:52.103116,192.168.140.207,11,1,user_39
2026-01-14 22:35:52.103121,192.168.200.216,1,1,user_6
2026-01-14 22:35:52.103126,192.168.137.163,18,1,user_78
2026-01-14 22:35:52.103130,192.168.49.2,15,1,user_95
2026-01-14 22:35:52.103135,192.168.122.187,1,0,user_66
2026-01-14 22:35:52.103141,192.168.104.119,1,1,user_39
2026-01-14 22:35:52.103145,192.168.167.107,3,0,user_24
2026-01-14 22:35:52.103150,192.168.42.101,16,0,user_85
2026-01-14 22:35:52.103155,192.168.232.133,5,1,user_41
2026-01-14 22:35:52.103160,192.168.33.240,13,0,user_23
2026-01-14 22:35:52.103178,192.168.211.100,2,1,user_59
2026-01-14 22:35:52.103186,192.168.23.123,3,0,user_18
2026-01-14 22:35:52.103191,192.168.226.126,15,1,user_89
2026-01-14 22:35:52.103196,192.168.59.60,18,1,user_57
2026-01-14 22:35:52.103200,192.168.243.87,20,1,user_27
2026-01-14 22:35:52.103205,192.168.94.88,6,1,user_32
2026-01-14 22:35:52.103208,192.168.217.227,14,1,user_67
2026-01-14 22:35:52.103213,192.168.146.112,12,1,user_43
2026-01-14 22:35:52.103218,192.168.140.9,2,0,user_80
2026-01-14 22:35:52.103223,192.168.43.231,19,0,user_63
2026-01-14 22:35:52.103227,192.168.244.199,20,0,user_32
2026-01-14 22:35:52.103235,192.168.67.180,9,1,user_33
2026-01-14 22:35:52.103240,192.168.64.243,1,1,user_41
2026-01-14 22:35:52.103245,192.168.119.95,3,1,user_21
2026-01-14 22:35:52.103250,192.168.117.244,17,0,user_60
2026-01-14 22:35:52.103259,192.168.181.33,4,1,user_55
2026-01-14 22:35:52.103264,192.168.204.5,11,0,user_62
2026-01-14 22:35:52.103268,192.168.237.197,19,0,user_69
2026-01-14 22:35:52.103273,192.168.49.180,18,0,user_87
2026-01-14 22:35:52.103278,192.168.72.10,14,1,user_30
2026-01-14 22:35:52.103283,192.168.217.167,18,1,user_85
2026-01-14 22:35:52.103288,192.168.239.251,18,1,user_11
2026-01-14 22:35:52.103293,192.168.109.146,13,1,user_15
2026-01-14 22:35:52.103298,192.168.26.182,12,0,user_77
2026-01-14 22:35:52.103302,192.168.198.72,1,1,user_54
2026-01-14 22:35:52.103307,192.168.39.136,15,1,user_74
2026-01-14 22:35:52.103312,192.168.242.187,11,0,user_26
2026-01-14 22:35:52.103317,192.168.188.172,20,1,user_100
2026-01-14 22:35:52.103321,192.168.75.73,11,0,user_89
2026-01-14 22:35:52.103326,192.168.208.118,11,1,user_84
2026-01-14 22:35:52.103331,192.168.97.166,15,1,user_36
2026-01-14 22:35:52.103336,192.168.217.253,6,1,user_5
2026-01-14 22:35:52.103340,192.168.233.140,7,0,user_63
2026-01-14 22:35:52.103345,192.168.120.119,6,1,user_100
2026-01-14 22:35:52.103350,192.168.51.95,15,1,user_91
2026-01-14 22:35:52.103355,192.168.73.16,15,0,user_64
2026-01-14 22:35:52.103359,192.168.42.35,20,1,user_28
2026-01-14 22:35:52.103364,192.168.116.40,20,0,user_2
2026-01-14 22:35:52.103369,192.168.189.82,11,1,user_20
2026-01-14 22:35:52.103373,192.168.5.215,20,0,user_85
2026-01-14 22:35:52.103378,192.168.246.144,4,1,user_57
2026-01-14 22:35:52.103383,192.168.165.167,6,0,user_74
2026-01-14 22:35:52.103393,192.168.190.82,16,0,user_22
2026-01-14 22:35:52.103397,192.168.94.128,9,0,user_20
2026-01-14 22:35:52.103402,192.168.43.113,4,0,user_50
2026-01-14 22:35:52.103407,192.168.29.98,10,0,user_61
2026-01-14 22:35:52.103412,192.168.187.82,17,0,user_42
2026-01-14 22:35:52.103418,192.168.4.3,16,0,user_62
2026-01-14 22:35:52.103423,192.168.152.78,4,1,user_98
2026-01-14 22:35:52.103428,192.168.209.119,10,1,user_8
2026-01-14 22:35:52.103433,192.168.39.98,7,1,user_11
2026-01-14 22:35:52.103438,192.168.123.127,9,1,user_82
2026-01-14 22:35:52.103443,192.168.89.144,17,0,user_18
2026-01-14 22:35:52.103447,192.168.93.238,17,0,user_12
2026-01-14 22:35:52.103452,192.168.47.14,13,1,user_41
2026-01-14 22:35:52.103457,192.168.28.57,10,0,user_3
2026-01-14 22:35:52.103462,192.168.139.128,2,1,user_88
2026-01-14 22:35:52.103466,192.168.199.213,19,0,user_83
2026-01-14 22:35:52.103472,192.168.71.88,14,1,user_63
2026-01-14 22:35:52.103478,192.168.226.215,20,0,user_48
2026-01-14 22:35:52.103483,192.168.108.150,3,1,user_56
2026-01-14 22:35:52.103488,192.168.113.147,4,0,user_32
2026-01-14 22:35:52.103493,192.168.160.181,3,0,user_29
2026-01-14 22:35:52.103497,192.168.231.90,2,0,user_24
2026-01-14 22:35:52.103502,192.168.10.147,15,0,user_76
2026-01-14 22:35:52.103507,192.168.205.158,1,0,user_69
2026-01-14 22:35:52.103512,192.168.65.141,18,0,user_19
2026-01-14 22:35:52.103517,192.168.27.77,10,0,user_23
2026-01-14 22:35:52.103522,192.168.35.25,9,1,user_93
2026-01-14 22:35:52.103526,192.168.45.50,6,1,user_35
2026-01-14 22:35:52.103531,192.168.5.35,7,1,user_75
2026-01-14 22:35:52.103537,192.168.23.204,13,1,user_80
2026-01-14 22:35:52.103541,192.168.244.217,10,0,user_39
2026-01-14 22:35:52.103546,192.168.67.52,15,0,user_40
2026-01-14 22:35:52.103553,192.168.25.16,20,0,user_53
2026-01-14 22:35:52.103557,192.168.174.76,19,1,user_5
2026-01-14 22:35:52.103562,192.168.54.130,20,1,user_84
2026-01-14 22:35:52.103567,192.168.139.254,4,1,user_73
2026-01-14 22:35:52.103572,192.168.84.151,17,0,user_42
2026-01-14 22:35:52.103579,192.168.188.105,5,0,user_21
2026-01-14 22:35:52.103584,192.168.244.75,14,1,user_11
2026-01-14 22:35:52.103588,192.168.20.154,2,0,user_37
2026-01-14 22:35:52.103593,192.168.246.10,14,0,user_98
2026-01-14 22:35:52.103602,192.168.213.110,9,1,user_28
2026-01-14 22:35:52.103607,192.168.126.88,8,0,user_82
2026-01-14 22:35:52.103613,192.168.169.231,18,1,user_20
2026-01-14 22:35:52.103626,192.168.101.17,2,0,user_68
2026-01-14 22:35:52.103639,192.168.135.72,11,1,user_79
2026-01-14 22:35:52.103651,192.168.218.64,11,0,user_7
2026-01-14 22:35:52.103659,192.168.81.221,20,0,user_21
2026-01-14 22:35:52.103673,192.168.175.238,13,0,user_61
2026-01-14 22:35:52.103679,192.168.47.184,1,1,user_46
2026-01-14 22:35:52.103694,192.168.127.48,8,1,user_37
2026-01-14 22:35:52.103703,192.168.179.107,18,1,user_94
2026-01-14 22:35:52.103716,192.168.230.64,16,0,user_27
2026-01-14 22:35:52.103729,192.168.235.205,10,0,user_85
2026-01-14 22:35:52.103734,192.168.103.126,16,0,user_37
2026-01-14 22:35:52.103744,192.168.186.28,9,0,user_42
2026-01-14 22:35:52.103749,192.168.118.221,19,0,user_89
2026-01-14 22:35:52.103754,192.168.15.84,11,1,user_60
2026-01-14 22:35:52.103759,192.168.244.211,19,0,user_43
2026-01-14 22:35:52.103764,192.168.243.215,13,1,user_87
2026-01-14 22:35:52.103789,192.168.216.123,4,0,user_82
2026-01-14 22:35:52.103794,192.168.42.113,13,1,user_4
2026-01-14 22:35:52.103799,192.168.163.144,14,0,user_91
2026-01-14 22:35:52.103806,192.168.229.115,20,0,user_31
2026-01-14 22:35:52.103811,192.168.165.125,6,0,user_95
2026-01-14 22:35:52.103817,192.168.184.253,17,0,user_3
2026-01-14 22:35:52.103826,192.168.189.119,11,0,user_59
2026-01-14 22:35:52.103831,192.168.196.49,20,0,user_3
2026-01-14 22:35:52.103837,192.168.165.11,20,0,user_62
2026-01-14 22:35:52.103843,192.168.215.231,8,1,user_81
2026-01-14 22:35:52.103849,192.168.68.64,7,1,user_36
2026-01-14 22:35:52.103854,192.168.20.70,2,1,user_97
2026-01-14 22:35:52.103859,192.168.234.46,16,0,user_5
2026-01-14 22:35:52.103863,192.168.200.4,14,1,user_64
2026-01-14 22:35:52.103868,192.168.37.198,14,1,user_17
2026-01-14 22:35:52.103873,192.168.112.232,5,1,user_8
2026-01-14 22:35:52.103878,192.168.16.43,7,0,user_31
2026-01-14 22:35:52.103883,192.168.138.31,9,1,user_29
2026-01-14 22:35:52.103888,192.168.218.151,2,1,user_12
2026-01-14 22:35:52.103892,192.168.123.252,1,1,user_57
2026-01-14 22:35:52.103897,192.168.251.220,1,0,user_86
2026-01-14 22:35:52.103902,192.168.229.10,10,1,user_89
2026-01-14 22:35:52.103907,192.168.14.91,16,1,user_29
2026-01-14 22:35:52.103911,192.168.161.170,13,1,user_59
2026-01-14 22:35:52.103916,192.168.188.234,10,1,user_96
2026-01-14 22:35:52.103922,192.168.26.78,20,1,user_44
2026-01-14 22:35:52.103928,192.168.14.130,20,0,user_20
2026-01-14 22:35:52.103933,192.168.216.42,7,1,user_89
2026-01-14 22:35:52.103939,192.168.27.98,8,0,user_68
2026-01-14 22:35:52.103944,192.168.204.64,10,1,user_81
2026-01-14 22:35:52.103950,192.168.57.226,7,0,user_8
2026-01-14 22:35:52.103955,192.168.8.121,14,1,user_25
2026-01-14 22:35:52.103961,192.168.127.39,4,0,user_38
2026-01-14 22:35:52.103966,192.168.196.153,5,1,user_1
2026-01-14 22:35:52.103971,192.168.175.232,7,0,user_81
2026-01-14 22:35:52.103978,192.168.33.102,3,0,user_49
2026-01-14 22:35:52.103982,192.168.19.6,4,0,user_3
2026-01-14 22:35:52.103987,192.168.37.140,4,1,user_11
2026-01-14 22:35:52.103992,192.168.25.155,6,0,user_28
2026-01-14 22:35:52.103997,192.168.136.185,1,1,user_58
2026-01-14 22:35:52.104003,192.168.148.216,13,1,user_29
2026-01-14 22:35:52.104008,192.168.79.36,3,0,user_48
2026-01-14 22:35:52.104014,192.168.75.106,15,0,user_56
2026-01-14 22:35:52.104019,192.168.145.156,11,1,user_86
2026-01-14 22:35:52.104024,192.168.36.54,13,1,user_30
2026-01-14 22:35:52.104029,192.168.79.246,19,0,user_59
2026-01-14 22:35:52.104034,192.168.149.106,17,0,user_2
2026-01-14 22:35:52.104039,192.168.225.165,14,0,user_20
2026-01-14 22:35:52.104043,192.168.119.176,20,0,user_62
2026-01-14 22:35:52.104048,192.168.255.8,19,0,user_95
2026-01-14 22:35:52.104052,192.168.141.167,16,0,user_3
2026-01-14 22:35:52.104057,192.168.215.213,20,0,user_47
2026-01-14 22:35:52.104062,192.168.84.20,20,0,user_37
2026-01-14 22:35:52.104067,192.168.22.16,11,1,user_25
2026-01-14 22:35:52.104072,192.168.13.71,5,1,user_80
2026-01-14 22:35:52.104076,192.168.54.255,13,1,user_94
2026-01-14 22:35:52.104081,192.168.135.191,3,1,user_5
2026-01-14 22:35:52.104086,192.168.56.171,6,1,user_44
2026-01-14 22:35:52.104091,192.168.138.133,1,1,user_49
2026-01-14 22:35:52.104095,192.168.166.187,5,1,user_74
2026-01-14 22:35:52.104100,192.168.197.196,6,1,user_67
2026-01-14 22:35:52.104105,192.168.1.91,15,1,user_19
2026-01-14 22:35:52.104110,192.168.249.122,11,1,user_80
2026-01-14 22:35:52.104115,192.168.87.58,3,0,user_59
2026-01-14 22:35:52.104119,192.168.127.177,3,0,user_93
2026-01-14 22:35:52.104123,192.168.184.68,18,0,user_48
2026-01-14 22:35:52.104128,192.168.117.139,9,0,user_84
2026-01-14 22:35:52.104134,192.168.8.48,16,1,user_41
2026-01-14 22:35:52.104139,192.168.28.118,20,1,user_90
2026-01-14 22:35:52.104144,192.168.185.85,17,0,user_49
2026-01-14 22:35:52.104148,192.168.66.170,15,0,user_29
2026-01-14 22:35:52.104153,192.168.231.183,12,0,user_79
2026-01-14 22:35:52.104160,192.168.27.155,15,1,user_10
2026-01-14 22:35:52.104174,192.168.51.73,7,1,user_88
2026-01-14 22:35:52.104180,192.168.50.173,14,0,user_55
2026-01-14 22:35:52.104185,192.168.42.64,13,0,user_4
2026-01-14 22:35:52.104190,192.168.113.86,13,1,user_36
2026-01-14 22:35:52.104195,192.168.79.168,4,0,user_14
2026-01-14 22:35:52.104200,192.168.152.140,5,0,user_73
2026-01-14 22:35:52.104204,192.168.211.85,16,0,user_79
2026-01-14 22:35:52.104209,192.168.248.67,18,1,user_67
2026-01-14 22:35:52.104214,192.168.197.24,20,1,user_56
2026-01-14 22:35:52.104218,192.168.142.150,5,1,user_88
2026-01-14 22:35:52.104223,192.168.59.12,19,1,user_12
2026-01-14 22:35:52.104230,192.168.95.160,19,1,user_85
2026-01-14 22:35:52.104235,192.168.30.75,20,0,user_30
2026-01-14 22:35:52.104240,192.168.129.90,19,0,user_19
2026-01-14 22:35:52.104244,192.168.27.16,16,0,user_83
2026-01-14 22:35:52.104249,192.168.89.171,10,0,user_68
2026-01-14 22:35:52.104253,192.168.4.72,12,0,user_32
2026-01-14 22:35:52.104258,192.168.2.121,7,0,user_83
2026-01-14 22:35:52.104263,192.168.150.154,6,0,user_31
2026-01-14 22:35:52.104268,192.168.18.137,14,1,user_45
2026-01-14 22:35:52.104273,192.168.68.91,13,1,user_27
2026-01-14 22:35:52.104279,192.168.219.38,1,0,user_7
2026-01-14 22:35:52.104283,192.168.204.230,10,1,user_91
2026-01-14 22:35:52.104289,192.168.160.193,2,0,user_12
2026-01-14 22:35:52.104293,192.168.233.52,11,1,user_20
2026-01-14 22:35:52.104298,192.168.75.21,5,1,user_21
2026-01-14 22:35:52.104305,192.168.203.233,2,1,user_92
2026-01-14 22:35:52.104310,192.168.66.188,11,0,user_3
2026-01-14 22:35:52.104314,192.168.42.76,7,1,user_62
2026-01-14 22:35:52.104319,192.168.31.115,6,1,user_32
2026-01-14 22:35:52.104324,192.168.130.191,9,0,user_18
2026-01-14 22:35:52.104331,192.168.70.118,1,0,user_29
2026-01-14 22:35:52.104337,192.168.232.132,3,0,user_46
2026-01-14 22:35:52.104341,192.168.3.213,1,0,user_99
2026-01-14 22:35:52.104346,192.168.44.139,11,1,user_78
2026-01-14 22:35:52.104351,192.168.178.211,3,1,user_18
2026-01-14 22:35:52.104355,192.168.208.188,4,1,user_11
2026-01-14 22:35:52.104360,192.168.195.223,10,1,user_49
2026-01-14 22:35:52.104365,192.168.32.97,2,1,user_94
2026-01-14 22:35:52.104370,192.168.19.189,1,0,user_80
2026-01-14 22:35:52.104372,192.168.253.231,5,0,user_19
2026-01-14 22:35:52.104378,192.168.243.38,12,0,user_15
2026-01-14 22:35:52.104383,192.168.215.48,2,0,user_57
2026-01-14 22:35:52.104388,192.168.48.33,3,0,user_18
2026-01-14 22:35:52.104392,192.168.79.132,5,1,user_79
2026-01-14 22:35:52.104397,192.168.228.192,16,1,user_2
2026-01-14 22:35:52.104402,192.168.246.72,12,0,user_27
2026-01-14 22:35:52.104406,192.168.200.215,10,1,user_37
2026-01-14 22:35:52.104411,192.168.10.44,3,0,user_1
2026-01-14 22:35:52.104416,192.168.181.59,3,1,user_13
2026-01-14 22:35:52.104421,192.168.63.186,7,0,user_86
2026-01-14 22:35:52.104426,192.168.75.44,17,0,user_53
2026-01-14 22:35:52.104430,192.168.160.27,11,1,user_6
2026-01-14 22:35:52.104435,192.168.2.203,5,0,user_51
2026-01-14 22:35:52.104442,192.168.220.244,9,1,user_44
2026-01-14 22:35:52.104447,192.168.230.27,15,1,user_96
2026-01-14 22:35:52.104451,192.168.175.71,3,1,user_53
2026-01-14 22:35:52.104456,192.168.59.203,17,0,user_67
2026-01-14 22:35:52.104463,192.168.27.84,16,0,user_29
2026-01-14 22:35:52.104468,192.168.34.195,15,0,user_55
2026-01-14 22:35:52.104472,192.168.208.29,10,1,user_39
2026-01-14 22:35:52.104477,192.168.186.253,18,1,user_75
2026-01-14 22:35:52.104482,192.168.190.13,5,0,user_64
2026-01-14 22:35:52.104489,192.168.121.3,10,1,user_11
2026-01-14 22:35:52.104493,192.168.91.171,5,0,user_89
2026-01-14 22:35:52.104498,192.168.60.105,4,0,user_18
2026-01-14 22:35:52.104503,192.168.113.40,6,0,user_79
2026-01-14 22:35:52.104508,192.168.228.86,13,1,user_84
2026-01-14 22:35:52.104512,192.168.86.175,10,1,user_18
2026-01-14 22:35:52.104517,192.168.139.175,8,1,user_8
2026-01-14 22:35:52.104522,192.168.143.221,5,0,user_79
2026-01-14 22:35:52.104527,192.168.104.18,13,0,user_2
2026-01-14 22:35:52.104531,192.168.199.116,17,0,user_16
2026-01-14 22:35:52.104536,192.168.221.78,13,1,user_12
2026-01-14 22:35:52.104541,192.168.101.173,10,1,user_12
2026-01-14 22:35:52.104546,192.168.96.163,4,1,user_73
2026-01-14 22:35:52.104550,192.168.182.94,11,1,user_6
2026-01-14 22:35:52.104555,192.168.251.221,19,0,user_70
2026-01-14 22:35:52.104560,192.168.67.132,3,0,user_5
2026-01-14 22:35:52.104565,192.168.90.40,11,0,user_59
2026-01-14 22:35:52.104570,192.168.131.255,18,1,user_92
2026-01-14 22:35:52.104574,192.168.147.3,4,1,user_38
2026-01-14 22:35:52.104579,192.168.25.237,4,1,user_41
2026-01-14 22:35:52.104584,192.168.200.107,5,1,user_30
2026-01-14 22:35:52.104588,192.168.215.6,19,0,user_55
2026-01-14 22:35:52.104593,192.168.109.136,7,1,user_68
2026-01-14 22:35:52.104599,192.168.204.168,7,0,user_72
2026-01-14 22:35:52.104611,192.168.65.217,17,1,user_58
2026-01-14 22:35:52.104618,192.168.189.247,13,1,user_72
2026-01-14 22:35:52.104628,192.168.164.231,10,1,user_27
2026-01-14 22:35:52.104645,192.168.152.242,9,0,user_27
2026-01-14 22:35:52.104655,192.168.221.219,12,1,user_94
2026-01-14 22:35:52.104662,192.168.212.189,18,0,user_33
2026-01-14 22:35:52.104672,192.168.11.141,9,1,user_11
2026-01-14 22:35:52.104684,192.168.33.204,2,0,user_25
2026-01-14 22:35:52.104690,192.168.227.27,16,1,user_57
2026-01-14 22:35:52.104703,192.168.174.192,5,1,user_43
2026-01-14 22:35:52.104726,192.168.195.89,19,1,user_69
2026-01-14 22:35:52.104736,192.168.193.11,2,1,user_78
2026-01-14 22:35:52.104741,192.168.122.177,9,0,user_35
2026-01-14 22:35:52.104746,192.168.44.177,6,1,user_33
2026-01-14 22:35:52.104750,192.168.157.215,4,1,user_25
2026-01-14 22:35:52.104755,192.168.61.210,10,1,user_96
2026-01-14 22:35:52.104760,192.168.38.227,6,0,user_14
2026-01-14 22:35:52.104762,192.168.78.147,2,0,user_21
2026-01-14 22:35:52.104768,192.168.81.13,8,0,user_68
2026-01-14 22:35:52.104773,192.168.38.71,4,1,user_45
2026-01-14 22:35:52.104780,192.168.40.233,16,1,user_36
2026-01-14 22:35:52.104784,192.168.123.39,10,1,user_12
2026-01-14 22:35:52.104791,192.168.138.104,18,0,user_77
2026-01-14 22:35:52.104795,192.168.237.85,11,0,user_84
2026-01-14 22:35:52.104800,192.168.85.195,14,0,user_90
2026-01-14 22:35:52.104805,192.168.177.165,3,0,user_44
2026-01-14 22:35:52.104811,192.168.163.21,1,0,user_51
2026-01-14 22:35:52.104816,192.168.70.74,19,0,user_80
2026-01-14 22:35:52.104821,192.168.149.95,10,0,user_19
2026-01-14 22:35:52.104825,192.168.75.23,11,1,user_50
2026-01-14 22:35:52.104830,192.168.101.237,12,0,user_30
2026-01-14 22:35:52.104835,192.168.250.144,13,0,user_97
2026-01-14 22:35:52.104840,192.168.108.206,7,0,user_86
2026-01-14 22:35:52.104844,192.168.156.90,1,0,user_23
2026-01-14 22:35:52.104851,192.168.227.220,20,0,user_5
2026-01-14 22:35:52.104858,192.168.241.202,6,1,user_37
2026-01-14 22:35:52.104862,192.168.170.228,10,0,user_19
2026-01-14 22:35:52.104867,192.168.231.75,12,1,user_56
2026-01-14 22:35:52.104872,192.168.33.172,1,0,user_23
2026-01-14 22:35:52.104879,192.168.151.17,1,0,user_40
2026-01-14 22:35:52.104884,192.168.179.252,6,1,user_5
2026-01-14 22:35:52.104888,192.168.96.80,2,0,user_81
2026-01-14 22:35:52.104893,192.168.82.243,1,1,user_84
2026-01-14 22:35:52.104896,192.168.145.126,14,0,user_99
2026-01-14 22:35:52.104903,192.168.27.170,8,1,user_47
2026-01-14 22:35:52.104908,192.168.100.22,6,0,user_56
2026-01-14 22:35:52.104913,192.168.88.160,9,0,user_20
2026-01-14 22:35:52.104919,192.168.152.229,16,1,user_23
2026-01-14 22:35:52.104923,192.168.91.108,4,0,user_50
2026-01-14 22:35:52.104928,192.168.243.10,5,1,user_94
2026-01-14 22:35:52.104930,192.168.90.219,6,1,user_39
2026-01-14 22:35:52.104934,192.168.178.79,14,0,user_84
2026-01-14 22:35:52.104941,192.168.112.24,18,0,user_28
2026-01-14 22:35:52.104946,192.168.188.194,11,1,user_95
2026-01-14 22:35:52.104950,192.168.132.123,15,1,user_30
2026-01-14 22:35:52.104955,192.168.209.230,6,1,user_17
2026-01-14 22:35:52.104960,192.168.39.47,9,1,user_19
2026-01-14 22:35:52.104965,192.168.125.248,4,0,user_28
2026-01-14 22:35:52.104969,192.168.77.196,20,1,user_1
2026-01-14 22:35:52.104974,192.168.37.35,11,0,user_2
2026-01-14 22:35:52.104979,192.168.19.188,15,1,user_18
2026-01-14 22:35:52.104984,192.168.21.229,11,1,user_90
2026-01-14 22:35:52.104989,192.168.156.133,8,0,user_96
2026-01-14 22:35:52.104993,192.168.193.95,19,1,user_89
2026-01-14 22:35:52.104999,192.168.215.153,2,1,user_29
2026-01-14 22:35:52.105005,192.168.175.3,1,0,user_60
2026-01-14 22:35:52.105009,192.168.181.209,18,0,user_13
2026-01-14 22:35:52.105016,192.168.119.205,11,0,user_43
2026-01-14 22:35:52.105021,192.168.188.245,9,1,user_95
2026-01-14 22:35:52.105026,192.168.195.110,4,0,user_58
2026-01-14 22:35:52.105030,192.168.39.81,5,0,user_74
2026-01-14 22:35:52.105037,192.168.139.51,13,1,user_100
2026-01-14 22:35:52.105042,192.168.66.180,18,1,user_50
2026-01-14 22:35:52.105046,192.168.146.17,17,0,user_46
2026-01-14 22:35:52.105051,192.168.117.115,9,1,user_67
2026-01-14 22:35:52.105056,192.168.59.24,5,0,user_82
2026-01-14 22:35:52.105062,192.168.28.202,6,1,user_4
2026-01-14 22:35:52.105066,192.168.204.55,1,0,user_16
2026-01-14 22:35:52.105071,192.168.186.49,20,1,user_64
2026-01-14 22:35:52.105076,192.168.172.214,11,0,user_63
2026-01-14 22:35:52.105080,192.168.225.3,11,1,user_19
2026-01-14 22:35:52.105085,192.168.21.144,11,1,user_40
2026-01-14 22:35:52.105090,192.168.233.76,16,1,user_70
2026-01-14 22:35:52.105095,192.168.20.94,10,0,user_37
2026-01-14 22:35:52.105099,192.168.162.140,14,0,user_31
2026-01-14 22:35:52.105104,192.168.239.247,17,1,user_53
2026-01-14 22:35:52.105109,192.168.26.175,18,1,user_13
2026-01-14 22:35:52.105113,192.168.100.109,8,0,user_49
2026-01-14 22:35:52.105118,192.168.78.192,3,1,user_9
2026-01-14 22:35:52.105123,192.168.100.205,2,0,user_6
2026-01-14 22:35:52.105127,192.168.174.151,2,0,user_47
2026-01-14 22:35:52.105132,192.168.182.246,1,1,user_92
2026-01-14 22:35:52.105137,192.168.3.44,3,1,user_97
2026-01-14 22:35:52.105142,192.168.215.166,8,0,user_24
2026-01-14 22:35:52.105147,192.168.53.146,16,1,user_16
2026-01-14 22:35:52.105154,192.168.244.110,14,0,user_72
2026-01-14 22:35:52.105158,192.168.27.139,17,0,user_87
2026-01-14 22:35:52.105176,192.168.9.20,7,1,user_55
2026-01-14 22:35:52.105185,192.168.138.252,2,0,user_60
2026-01-14 22:35:52.105191,192.168.242.55,4,1,user_34
2026-01-14 22:35:52.105193,192.168.218.141,5,1,user_13
2026-01-14 22:35:52.105199,192.168.58.229,6,1,user_59
2026-01-14 22:35:52.105204,192.168.35.110,8,1,user_3
2026-01-14 22:35:52.105211,192.168.211.13,13,0,user_17
2026-01-14 22:35:52.105216,192.168.69.198,13,0,user_55
2026-01-14 22:35:52.105220,192.168.240.13,20,0,user_48
2026-01-14 22:35:52.105225,192.168.174.17,14,0,user_76
2026-01-14 22:35:52.105230,192.168.62.162,13,0,user_79
2026-01-14 22:35:52.105234,192.168.155.145,9,0,user_35
2026-01-14 22:35:52.105239,192.168.61.126,7,1,user_86
2026-01-14 22:35:52.105244,192.168.173.173,13,0,user_31
2026-01-14 22:35:52.105248,192.168.179.111,17,1,user_8
2026-01-14 22:35:52.105253,192.168.47.207,10,1,user_41
2026-01-14 22:35:52.105258,192.168.255.189,16,0,user_46
2026-01-14 22:35:52.105263,192.168.58.117,17,1,user_83
2026-01-14 22:35:52.105268,192.168.145.132,12,1,user_42
2026-01-14 22:35:52.105272,192.168.105.129,4,0,user_66
2026-01-14 22:35:52.105277,192.168.125.159,6,1,user_44
2026-01-14 22:35:52.105282,192.168.44.86,20,0,user_55
2026-01-14 22:35:52.105286,192.168.227.162,17,0,user_38
2026-01-14 22:35:52.105291,192.168.233.9,9,0,user_89
2026-01-14 22:35:52.105296,192.168.78.239,2,1,user_36
2026-01-14 22:35:52.105300,192.168.45.244,19,0,user_94
2026-01-14 22:35:52.105305,192.168.248.221,20,1,user_68
2026-01-14 22:35:52.105310,192.168.4.148,7,1,user_56
2026-01-14 22:35:52.105314,192.168.137.204,15,1,user_58
2026-01-14 22:35:52.105319,192.168.214.117,6,1,user_32
2026-01-14 22:35:52.105324,192.168.16.84,16,1,user_78
2026-01-14 22:35:52.105329,192.168.41.249,12,0,user_19
2026-01-14 22:35:52.105334,192.168.226.106,2,1,user_11
2026-01-14 22:35:52.105341,192.168.118.136,7,0,user_29
2026-01-14 22:35:52.105345,192.168.103.197,19,0,user_52
2026-01-14 22:35:52.105350,192.168.200.121,12,0,user_72
2026-01-14 22:35:52.105355,192.168.123.206,15,1,user_39
2026-01-14 22:35:52.105362,192.168.111.245,5,1,user_71
2026-01-14 22:35:52.105367,192.168.155.221,5,1,user_98
2026-01-14 22:35:52.105371,192.168.136.246,2,0,user_34
2026-01-14 22:35:52.105378,192.168.211.136,11,0,user_69
2026-01-14 22:35:52.105383,192.168.221.147,12,0,user_35
2026-01-14 22:35:52.105387,192.168.242.159,1,1,user_4
2026-01-14 22:35:52.105393,192.168.111.179,2,1,user_42
2026-01-14 22:35:52.105398,192.168.232.168,13,0,user_31
2026-01-14 22:35:52.105405,192.168.43.14,1,0,user_67
2026-01-14 22:35:52.105410,192.168.172.16,19,1,user_59
2026-01-14 22:35:52.105415,192.168.114.147,1,1,user_96
2026-01-14 22:35:52.105420,192.168.220.163,13,1,user_42
2026-01-14 22:35:52.105424,192.168.173.104,8,1,user_53
2026-01-14 22:35:52.105429,192.168.112.238,17,1,user_81
2026-01-14 22:35:52.105434,192.168.136.161,10,0,user_16
2026-01-14 22:35:52.105438,192.168.80.61,8,1,user_56
2026-01-14 22:35:52.105444,192.168.104.74,7,0,user_9
2026-01-14 22:35:52.105449,192.168.156.57,15,1,user_37
2026-01-14 22:35:52.105453,192.168.142.25,3,1,user_57
2026-01-14 22:35:52.105458,192.168.202.160,8,0,user_26
2026-01-14 22:35:52.105463,192.168.144.91,1,0,user_77
2026-01-14 22:35:52.105468,192.168.69.22,4,1,user_29
2026-01-14 22:35:52.105472,192.168.134.166,5,0,user_30
2026-01-14 22:35:52.105477,192.168.149.187,1,0,user_92
2026-01-14 22:35:52.105481,192.168.40.193,16,1,user_98
2026-01-14 22:35:52.105486,192.168.247.150,2,0,user_25
2026-01-14 22:35:52.105491,192.168.22.135,12,1,user_77
2026-01-14 22:35:52.105496,192.168.90.23,9,1,user_84
2026-01-14 22:35:52.105503,192.168.246.72,14,1,user_68
2026-01-14 22:35:52.105507,192.168.209.235,13,1,user_86
2026-01-14 22:35:52.105512,192.168.77.55,19,1,user_46
2026-01-14 22:35:52.105517,192.168.34.193,10,0,user_24
2026-01-14 22:35:52.105524,192.168.1.164,8,0,user_24
2026-01-14 22:35:52.105528,192.168.82.57,14,1,user_91
2026-01-14 22:35:52.105534,192.168.22.62,3,1,user_22
2026-01-14 22:35:52.105538,192.168.110.105,1,1,user_5
2026-01-14 22:35:52.105544,192.168.66.14,7,0,user_56
2026-01-14 22:35:52.105548,192.168.198.255,13,1,user_81
2026-01-14 22:35:52.105553,192.168.226.22,6,0,user_90
2026-01-14 22:35:52.105557,192.168.217.48,2,1,user_75
2026-01-14 22:35:52.105562,192.168.137.130,15,0,user_13
2026-01-14 22:35:52.105567,192.168.188.150,10,0,user_60
2026-01-14 22:35:52.105572,192.168.89.174,11,0,user_21
2026-01-14 22:35:52.105577,192.168.6.148,9,1,user_43
2026-01-14 22:35:52.105582,192.168.77.240,11,0,user_8
2026-01-14 22:35:52.105586,192.168.124.246,6,0,user_89
2026-01-14 22:35:52.105594,192.168.238.15,9,0,user_69
2026-01-14 22:35:52.105601,192.168.187.94,14,1,user_63
2026-01-14 22:35:52.105606,192.168.25.124,17,1,user_51
2026-01-14 22:35:52.105612,192.168.108.44,15,1,user_92
2026-01-14 22:35:52.105622,192.168.231.93,17,0,user_100
2026-01-14 22:35:52.105638,192.168.22.160,11,1,user_95
2026-01-14 22:35:52.105649,192.168.121.113,12,1,user_61
2026-01-14 22:35:52.105658,192.168.20.158,11,0,user_41
2026-01-14 22:35:52.105673,192.168.72.88,11,0,user_21
2026-01-14 22:35:52.105678,192.168.22.227,11,0,user_81
2026-01-14 22:35:52.105693,192.168.11.86,17,0,user_92
2026-01-14 22:35:52.105702,192.168.132.37,5,0,user_4
2026-01-14 22:35:52.105716,192.168.219.221,16,0,user_32
2026-01-14 22:35:52.105732,192.168.142.193,18,1,user_2
2026-01-14 22:35:52.105739,192.168.124.95,20,0,user_41
2026-01-14 22:35:52.105745,192.168.16.233,3,0,user_66
2026-01-14 22:35:52.105750,192.168.238.105,15,1,user_86
2026-01-14 22:35:52.105755,192.168.72.251,13,0,user_79
2026-01-14 22:35:52.105762,192.168.181.245,1,0,user_39
2026-01-14 22:35:52.105767,192.168.163.142,2,1,user_5
2026-01-14 22:35:52.105771,192.168.163.225,1,1,user_29
2026-01-14 22:35:52.105776,192.168.173.90,15,1,user_59
2026-01-14 22:35:52.105781,192.168.193.151,2,1,user_73
2026-01-14 22:35:52.105786,192.168.219.170,12,0,user_88
2026-01-14 22:35:52.105791,192.168.199.64,13,1,user_62
2026-01-14 22:35:52.105796,192.168.232.174,20,1,user_5
2026-01-14 22:35:52.105801,192.168.237.92,6,0,user_23
2026-01-14 22:35:52.105806,192.168.135.22,4,1,user_50
2026-01-14 22:35:52.105810,192.168.97.72,1,1,user_67
2026-01-14 22:35:52.105815,192.168.118.251,10,0,user_98
2026-01-14 22:35:52.105820,192.168.137.100,16,1,user_24
2026-01-14 22:35:52.105824,192.168.178.32,10,1,user_93
2026-01-14 22:35:52.105829,192.168.101.162,5,0,user_13
2026-01-14 22:35:52.105834,192.168.201.188,1,1,user_45
2026-01-14 22:35:52.105839,192.168.47.114,6,1,user_89
2026-01-14 22:35:52.105844,192.168.12.148,18,1,user_9
2026-01-14 22:35:52.105848,192.168.194.16,10,0,user_95
2026-01-14 22:35:52.105853,192.168.34.86,2,0,user_12
2026-01-14 22:35:52.105858,192.168.193.43,2,0,user_42
2026-01-14 22:35:52.105863,192.168.206.55,10,1,user_95
2026-01-14 22:35:52.105868,192.168.83.235,8,1,user_79
2026-01-14 22:35:52.105872,192.168.193.17,15,1,user_39
2026-01-14 22:35:52.105877,192.168.134.194,13,1,user_57
2026-01-14 22:35:52.105885,192.168.6.42,20,0,user_87
2026-01-14 22:35:52.105889,192.168.205.163,9,1,user_3
2026-01-14 22:35:52.105897,192.168.30.20,19,1,user_77
2026-01-14 22:35:52.105901,192.168.73.155,13,0,user_42
2026-01-14 22:35:52.105906,192.168.8.141,7,0,user_93
2026-01-14 22:35:52.105910,192.168.139.142,6,1,user_59
2026-01-14 22:35:52.105915,192.168.62.48,19,0,user_98
2026-01-14 22:35:52.105922,192.168.56.241,7,1,user_80
2026-01-14 22:35:52.105927,192.168.74.232,8,0,user_28
2026-01-14 22:35:52.105932,192.168.62.29,13,0,user_26
2026-01-14 22:35:52.105936,192.168.183.172,13,1,user_20
2026-01-14 22:35:52.105941,192.168.147.8,3,0,user_24
2026-01-14 22:35:52.105946,192.168.201.32,7,1,user_19
2026-01-14 22:35:52.105950,192.168.154.85,14,1,user_98
2026-01-14 22:35:52.105955,192.168.231.216,6,0,user_65
2026-01-14 22:35:52.105960,192.168.253.155,19,1,user_91
2026-01-14 22:35:52.105965,192.168.211.114,12,0,user_24
2026-01-14 22:35:52.105970,192.168.107.92,16,1,user_80
2026-01-14 22:35:52.105974,192.168.248.217,6,1,user_72
2026-01-14 22:35:52.105979,192.168.187.196,17,0,user_39
2026-01-14 22:35:52.105984,192.168.117.114,13,1,user_28
2026-01-14 22:35:52.105989,192.168.103.203,5,1,user_25
2026-01-14 22:35:52.105993,192.168.104.209,1,1,user_93
2026-01-14 22:35:52.105998,192.168.172.64,12,0,user_37
2026-01-14 22:35:52.106003,192.168.225.109,10,0,user_77
2026-01-14 22:35:52.106008,192.168.177.161,9,1,user_64
2026-01-14 22:35:52.106013,192.168.175.42,1,0,user_29
2026-01-14 22:35:52.106018,192.168.61.253,8,0,user_25
2026-01-14 22:35:52.106023,192.168.122.122,20,1,user_77
2026-01-14 22:35:52.106028,192.168.81.74,11,0,user_48
2026-01-14 22:35:52.106033,192.168.68.83,3,0,user_58
2026-01-14 22:35:52.106038,192.168.250.42,5,0,user_16
2026-01-14 22:35:52.106043,192.168.182.70,8,1,user_21
2026-01-14 22:35:52.106048,192.168.109.43,2,1,user_36
2026-01-14 22:35:52.106054,192.168.90.167,1,0,user_54
2026-01-14 22:35:52.106059,192.168.63.16,7,1,user_36
2026-01-14 22:35:52.106064,192.168.154.110,13,0,user_90
2026-01-14 22:35:52.106069,192.168.210.22,20,1,user_10
2026-01-14 22:35:52.106075,192.168.207.175,3,0,user_65
2026-01-14 22:35:52.106080,192.168.56.226,6,1,user_39
2026-01-14 22:35:52.106085,192.168.190.76,13,1,user_100
2026-01-14 22:35:52.106090,192.168.10.177,5,0,user_74
2026-01-14 22:35:52.106095,192.168.17.121,3,1,user_88
2026-01-14 22:35:52.106101,192.168.71.212,18,1,user_96
2026-01-14 22:35:52.106106,192.168.102.105,7,0,user_77
2026-01-14 22:35:52.106111,192.168.13.241,9,0,user_55
2026-01-14 22:35:52.106116,192.168.43.130,10,1,user_96
2026-01-14 22:35:52.106120,192.168.136.217,10,1,user_26
2026-01-14 22:35:52.106125,192.168.151.247,1,1,user_44
2026-01-14 22:35:52.106130,192.168.22.195,12,0,user_67
2026-01-14 22:35:52.106134,192.168.50.134,18,0,user_83
2026-01-14 22:35:52.106139,192.168.125.60,19,1,user_35
2026-01-14 22:35:52.106144,192.168.138.110,17,1,user_9
2026-01-14 22:35:52.106149,192.168.1.66,14,0,user_15
2026-01-14 22:35:52.106153,192.168.240.161,11,1,user_81
2026-01-14 22:35:52.106158,192.168.255.113,11,1,user_94
2026-01-14 22:35:52.106177,192.168.121.195,11,1,user_46
2026-01-14 22:35:52.106186,192.168.11.198,3,0,user_45
2026-01-14 22:35:52.106191,192.168.190.174,18,0,user_36
2026-01-14 22:35:52.106196,192.168.193.102,17,0,user_97
2026-01-14 22:35:52.106201,192.168.66.7,6,1,user_21
2026-01-14 22:35:52.106205,192.168.46.194,17,0,user_19
2026-01-14 22:35:52.106210,192.168.52.147,17,0,user_29
2026-01-14 22:35:52.106214,192.168.65.182,12,0,user_63
2026-01-14 22:35:52.106219,192.168.188.152,15,0,user_20
2026-01-14 22:35:52.106227,192.168.87.173,11,1,user_62
2026-01-14 22:35:52.106232,192.168.238.2,6,0,user_60
2026-01-14 22:35:52.106236,192.168.190.110,3,0,user_1
2026-01-14 22:35:52.106241,192.168.219.180,6,1,user_93
2026-01-14 22:35:52.106246,192.168.203.9,7,1,user_60
2026-01-14 22:35:52.106253,192.168.217.76,20,1,user_28
2026-01-14 22:35:52.106260,192.168.84.89,6,0,user_13
2026-01-14 22:35:52.106264,192.168.181.27,5,1,user_63
2026-01-14 22:35:52.106269,192.168.227.115,1,1,user_42
2026-01-14 22:35:52.106276,192.168.223.80,5,0,user_66
2026-01-14 22:35:52.106281,192.168.61.25,6,0,user_93
2026-01-14 22:35:52.106285,192.168.159.222,7,0,user_56
2026-01-14 22:35:52.106291,192.168.77.25,18,1,user_79
2026-01-14 22:35:52.106295,192.168.224.33,17,1,user_33
2026-01-14 22:35:52.106303,192.168.255.110,16,0,user_5
2026-01-14 22:35:52.106307,192.168.250.13,2,0,user_21
2026-01-14 22:35:52.106312,192.168.254.9,16,1,user_10
2026-01-14 22:35:52.106316,192.168.193.91,8,1,user_41
2026-01-14 22:35:52.106321,192.168.130.157,7,1,user_23
2026-01-14 22:35:52.106326,192.168.35.115,2,1,user_77
2026-01-14 22:35:52.106333,192.168.198.157,20,0,user_16
2026-01-14 22:35:52.106338,192.168.66.88,9,1,user_48
2026-01-14 22:35:52.106342,192.168.148.126,15,0,user_3
2026-01-14 22:35:52.106347,192.168.1.4,13,1,user_27
2026-01-14 22:35:52.106352,192.168.20.189,9,0,user_70
2026-01-14 22:35:52.106357,192.168.75.193,20,0,user_9
2026-01-14 22:35:52.106361,192.168.97.183,3,0,user_43
2026-01-14 22:35:52.106366,192.168.158.19,2,0,user_33
2026-01-14 22:35:52.106370,192.168.151.118,17,0,user_64
2026-01-14 22:35:52.106375,192.168.45.206,16,1,user_7
2026-01-14 22:35:52.106380,192.168.120.240,6,0,user_72
2026-01-14 22:35:52.106385,192.168.85.204,5,0,user_56
2026-01-14 22:35:52.106393,192.168.178.117,17,0,user_95
2026-01-14 22:35:52.106400,192.168.154.136,20,1,user_35
2026-01-14 22:35:52.106407,192.168.27.3,4,1,user_45
2026-01-14 22:35:52.106411,192.168.254.42,8,1,user_12
2026-01-14 22:35:52.106415,192.168.101.125,7,0,user_24
2026-01-14 22:35:52.106422,192.168.32.102,2,1,user_31
2026-01-14 22:35:52.106425,192.168.92.245,18,0,user_74
2026-01-14 22:35:52.106430,192.168.12.104,16,1,user_16
2026-01-14 22:35:52.106435,192.168.147.157,3,0,user_20
2026-01-14 22:35:52.106438,192.168.224.103,7,0,user_61
2026-01-14 22:35:52.106442,192.168.236.255,7,1,user_47
2026-01-14 22:35:52.106448,192.168.244.15,9,1,user_100
2026-01-14 22:35:52.106452,192.168.207.5,16,1,user_43
2026-01-14 22:35:52.106459,192.168.244.97,9,0,user_22
2026-01-14 22:35:52.106464,192.168.180.225,13,1,user_98
2026-01-14 22:35:52.106468,192.168.48.110,11,1,user_82
2026-01-14 22:35:52.106472,192.168.252.67,10,1,user_43
2026-01-14 22:35:52.106476,192.168.28.152,20,0,user_55
2026-01-14 22:35:52.106479,192.168.77.140,14,1,user_30
2026-01-14 22:35:52.106486,192.168.175.170,10,0,user_20
2026-01-14 22:35:52.106491,192.168.91.63,3,0,user_82
2026-01-14 22:35:52.106497,192.168.237.175,16,0,user_40
2026-01-14 22:35:52.106502,192.168.227.95,17,0,user_62
2026-01-14 22:35:52.106507,192.168.23.230,9,0,user_47
2026-01-14 22:35:52.106511,192.168.59.230,4,1,user_81
2026-01-14 22:35:52.106516,192.168.200.215,6,0,user_83
2026-01-14 22:35:52.106521,192.168.88.64,14,0,user_89
2026-01-14 22:35:52.106526,192.168.198.212,11,0,user_22
2026-01-14 22:35:52.106530,192.168.89.232,14,1,user_74
2026-01-14 22:35:52.106535,192.168.189.24,18,1,user_6
2026-01-14 22:35:52.106540,192.168.122.69,5,0,user_18
2026-01-14 22:35:52.106547,192.168.99.112,2,0,user_39
2026-01-14 22:35:52.106554,192.168.132.96,12,1,user_82
2026-01-14 22:35:52.106558,192.168.229.193,1,1,user_4
2026-01-14 22:35:52.106563,192.168.212.81,2,1,user_100
2026-01-14 22:35:52.106567,192.168.184.203,14,1,user_30
2026-01-14 22:35:52.106572,192.168.255.218,15,0,user_55
2026-01-14 22:35:52.106579,192.168.104.249,17,0,user_94
2026-01-14 22:35:52.106583,192.168.26.234,9,0,user_11
2026-01-14 22:35:52.106588,192.168.89.127,4,1,user_53
2026-01-14 22:35:52.106593,192.168.103.104,14,0,user_79
2026-01-14 22:35:52.106599,192.168.126.17,19,0,user_5
2026-01-14 22:35:52.106606,192.168.41.137,13,1,user_67
2026-01-14 22:35:52.106612,192.168.77.120,7,1,user_3
2026-01-14 22:35:52.106617,192.168.183.144,15,1,user_5
2026-01-14 22:35:52.106624,192.168.251.64,8,0,user_86
2026-01-14 22:35:52.106646,192.168.248.52,19,1,user_59
2026-01-14 22:35:52.106652,192.168.219.23,20,0,user_2
2026-01-14 22:35:52.106661,192.168.60.111,5,1,user_47
2026-01-14 22:35:52.106666,192.168.136.49,1,1,user_18
2026-01-14 22:35:52.106681,192.168.116.251,17,0,user_65
2026-01-14 22:35:52.106691,192.168.73.240,1,1,user_2
2026-01-14 22:35:52.106706,192.168.149.39,6,0,user_63
2026-01-14 22:35:52.106714,192.168.47.223,2,1,user_75
2026-01-14 22:35:52.106725,192.168.50.243,20,0,user_79
2026-01-14 22:35:52.106739,192.168.54.235,1,0,user_50
2026-01-14 22:35:52.106747,192.168.6.233,16,1,user_61
2026-01-14 22:35:52.106752,192.168.33.68,3,1,user_66
2026-01-14 22:35:52.106757,192.168.146.72,20,0,user_2
2026-01-14 22:35:52.106762,192.168.223.215,10,0,user_89
2026-01-14 22:35:52.106767,192.168.77.117,8,1,user_99
2026-01-14 22:35:52.106772,192.168.20.84,12,1,user_96
2026-01-14 22:35:52.106777,192.168.245.220,3,0,user_26
2026-01-14 22:35:52.106789,192.168.39.232,9,0,user_50
2026-01-14 22:35:52.106793,192.168.125.117,8,1,user_69
2026-01-14 22:35:52.106798,192.168.198.107,11,0,user_14
2026-01-14 22:35:52.106803,192.168.108.179,11,1,user_89
2026-01-14 22:35:52.106809,192.168.104.154,11,0,user_11
2026-01-14 22:35:52.106816,192.168.193.5,6,1,user_69
2026-01-14 22:35:52.106821,192.168.206.138,17,1,user_13
2026-01-14 22:35:52.106825,192.168.30.224,4,1,user_25
2026-01-14 22:35:52.106830,192.168.84.113,9,1,user_63
2026-01-14 22:35:52.106835,192.168.70.153,1,1,user_4
2026-01-14 22:35:52.106840,192.168.169.104,5,1,user_10
2026-01-14 22:35:52.106847,192.168.4.242,2,0,user_100
2026-01-14 22:35:52.106852,192.168.137.196,18,1,user_97
2026-01-14 22:35:52.106856,192.168.198.131,19,1,user_46
2026-01-14 22:35:52.106861,192.168.218.95,2,1,user_47
2026-01-14 22:35:52.106866,192.168.97.186,3,0,user_47
2026-01-14 22:35:52.106871,192.168.234.190,14,0,user_19
2026-01-14 22:35:52.106876,192.168.235.96,1,1,user_94
2026-01-14 22:35:52.106880,192.168.94.35,8,1,user_6
2026-01-14 22:35:52.106885,192.168.25.194,5,0,user_28
2026-01-14 22:35:52.106890,192.168.132.67,3,0,user_84
2026-01-14 22:35:52.106894,192.168.164.182,19,0,user_92
2026-01-14 22:35:52.106899,192.168.229.172,5,1,user_80
2026-01-14 22:35:52.106904,192.168.85.97,1,0,user_36
2026-01-14 22:35:52.106909,192.168.158.240,1,1,user_5
2026-01-14 22:35:52.106913,192.168.143.180,5,0,user_95
2026-01-14 22:35:52.106918,192.168.164.145,14,0,user_17
2026-01-14 22:35:52.106923,192.168.36.118,10,0,user_62
2026-01-14 22:35:52.106928,192.168.22.248,2,0,user_98
2026-01-14 22:35:52.106933,192.168.21.116,15,0,user_94
2026-01-14 22:35:52.106937,192.168.7.241,15,1,user_5
2026-01-14 22:35:52.106945,192.168.150.212,14,1,user_22
2026-01-14 22:35:52.106950,192.168.114.43,11,0,user_38
2026-01-14 22:35:52.106955,192.168.179.73,9,0,user_81
2026-01-14 22:35:52.106959,192.168.206.16,8,1,user_88
2026-01-14 22:35:52.106964,192.168.150.11,15,0,user_69
2026-01-14 22:35:52.106969,192.168.156.106,12,1,user_87
2026-01-14 22:35:52.106976,192.168.154.19,15,1,user_6
2026-01-14 22:35:52.106982,192.168.115.238,2,1,user_62
2026-01-14 22:35:52.106987,192.168.67.133,20,0,user_29
2026-01-14 22:35:52.106993,192.168.89.199,20,0,user_64
2026-01-14 22:35:52.106998,192.168.28.210,20,0,user_68
2026-01-14 22:35:52.107004,192.168.124.255,8,0,user_32
2026-01-14 22:35:52.107009,192.168.187.68,16,0,user_19
2026-01-14 22:35:52.107015,192.168.137.26,2,0,user_15
2026-01-14 22:35:52.107019,192.168.77.216,20,0,user_7
2026-01-14 22:35:52.107024,192.168.173.167,20,1,user_94
2026-01-14 22:35:52.107029,192.168.187.209,8,0,user_80
2026-01-14 22:35:52.107033,192.168.222.222,15,0,user_6
2026-01-14 22:35:52.107038,192.168.64.9,15,0,user_87
2026-01-14 22:35:52.107043,192.168.174.198,14,0,user_72
2026-01-14 22:35:52.107047,192.168.229.224,18,0,user_94
2026-01-14 22:35:52.107052,192.168.54.117,7,0,user_11
2026-01-14 22:35:52.107057,192.168.84.97,14,0,user_16
2026-01-14 22:35:52.107064,192.168.166.120,10,1,user_10
2026-01-14 22:35:52.107068,192.168.148.111,3,0,user_13
2026-01-14 22:35:52.107073,192.168.211.171,12,0,user_68
2026-01-14 22:35:52.107078,192.168.252.128,2,1,user_65
